Subward,Farm_Prop,Livestock_Prop,Remittances_Prop,Off-Farm Labor_Prop,Other_Prop
2301,0.1343641506736539,0.08318924825961356,0.38136284586865743,0.29766515213749134,0.10341860306058383
2304,0.07943357666668933,0.22303700520531616,0.26686129383595775,0.32511201011206586,0.10555611417997084
2309,0.03366574066242771,0.20886047005654443,0.1858214601636337,0.46963652382136983,0.1020158052960243
2605,0.11634539894627327,0.2112593628319471,0.33727304787497214,0.23833950851329935,0.09678268183350813
2610,0.1927710788991599,0.13403126909778035,0.2230458364634194,0.35069534080481735,0.09945647473482293
2611,0.1844693910223689,0.17531298898240896,0.2664418154221804,0.27378459583941384,0.09999120873362795
